metabolite,p.value.trt,p.value.leaf,tissue,FDR.trt,FDR.leaf,sig.both
met_per_mg_leaf_xylulose NIST,0.7214667535042529,0.19965250849111082,leaf,0.9016650121715104,0.5760465818759919,FALSE
met_per_mg_leaf_xylose,0.6290274954053328,0.39254568639725784,leaf,0.8712913912168124,0.7676448978435264,FALSE
met_per_mg_leaf_xylonic acid isomer,0.08055371639287529,0.124007605628223,leaf,0.4802854619903761,0.4279478155013186,FALSE
met_per_mg_leaf_xylonic acid,0.6048135091126876,0.3598617330023277,leaf,0.8712913912168124,0.7489722501497669,FALSE
met_per_mg_leaf_xanthine,0.7899859082053109,0.9972051306630372,leaf,0.9309598010580195,0.9972051306630372,FALSE
met_per_mg_leaf_vanillic acid,0.14078037559810797,0.36231445935919815,leaf,0.5386379588101522,0.7489722501497669,FALSE
met_per_mg_leaf_valine,0.07866877000718064,0.0036008098143146287,leaf,0.4802854619903761,0.1456845971615751,FALSE
met_per_mg_leaf_uridine,0.546813393649822,0.18564005072362608,leaf,0.8712913912168124,0.5537737106331897,FALSE
met_per_mg_leaf_urea,0.13769708858645277,0.3558710860687916,leaf,0.5386379588101522,0.7489722501497669,FALSE
met_per_mg_leaf_uracil,0.7125017947778824,0.018278230663734733,leaf,0.9016650121715104,0.22875438327663908,FALSE
met_per_mg_leaf_UDP-N-acetylglucosamine,0.2781449092287992,0.29386992379121973,leaf,0.7405548915459944,0.7151720667632413,FALSE
met_per_mg_leaf_tyrosine,0.9094225268415548,0.029106770070076803,leaf,0.981953157816648,0.22875438327663908,FALSE
met_per_mg_leaf_tryptophan,0.6758019488071605,0.04000656329993429,leaf,0.8952146821634348,0.25146982645672983,FALSE
met_per_mg_leaf_tocopherol alpha-,0.8389310387849385,0.13804707274159103,leaf,0.9470470151512713,0.44175063277309135,FALSE
met_per_mg_leaf_thymine,0.6776209153302155,0.5609309828454979,leaf,0.8952146821634348,0.8733770295700142,FALSE
met_per_mg_leaf_threonine,0.14066442691982384,0.02309347323007396,leaf,0.5386379588101522,0.22875438327663908,FALSE
met_per_mg_leaf_threonic acid,0.4640285178440614,0.04978768003872501,leaf,0.8644348440773273,0.2759366015208334,FALSE
met_per_mg_leaf_tagatose,0.4392434833801382,0.13649657848513083,leaf,0.8644348440773273,0.44175063277309135,FALSE
met_per_mg_leaf_sucrose,0.8754347512352506,0.5784322614153583,leaf,0.9629782263587757,0.8733770295700142,FALSE
met_per_mg_leaf_succinic acid,0.7877289362975547,0.4875044271168296,leaf,0.9309598010580195,0.8330172735200195,FALSE
met_per_mg_leaf_stigmasterol,0.18531133877087833,0.9612847410652418,leaf,0.6412644054728707,0.9803067167814137,FALSE
met_per_mg_leaf_stearic acid,0.04144021971994716,0.9609732570554531,leaf,0.4802854619903761,0.9803067167814137,FALSE
met_per_mg_leaf_spermidine,0.7136439212594071,0.7733978228131181,leaf,0.9016650121715104,0.9000220854524917,FALSE
met_per_mg_leaf_sinapinic acid,0.23981189771201478,0.06825545532036076,leaf,0.7034482332885766,0.3197559327588092,FALSE
met_per_mg_leaf_shikimic acid,0.5754607470704234,0.21666251214578727,leaf,0.8712913912168124,0.599088813942422,FALSE
met_per_mg_leaf_serine,0.5569609685583845,0.7392179393294993,leaf,0.8712913912168124,0.9000220854524917,FALSE
met_per_mg_leaf_saccharic acid,0.6128612480393535,0.37916161539767135,leaf,0.8712913912168124,0.7583232307953427,FALSE
met_per_mg_leaf_ribose,0.47655410562943146,0.004673226840288258,leaf,0.8684519470701683,0.1456845971615751,FALSE
met_per_mg_leaf_ribonic acid,0.6819781026271581,0.03528057239809706,leaf,0.8952146821634348,0.24837522968260328,FALSE
met_per_mg_leaf_ribitol,0.8814398475878795,0.4493002193822365,leaf,0.9635615725184273,0.8054252574234587,FALSE
met_per_mg_leaf_raffinose,0.6399607827817588,0.621733532701435,leaf,0.8731247889115469,0.8948087218812877,FALSE
met_per_mg_leaf_quinic acid,0.07452598533557149,0.748284234879323,leaf,0.4802854619903761,0.9000220854524917,FALSE
met_per_mg_leaf_pyruvic acid,0.5614803615358014,0.23265082796148026,leaf,0.8712913912168124,0.6204022078972806,FALSE
met_per_mg_leaf_pyrrole-2-carboxylic acid,0.27322621287448956,0.005483571363606841,leaf,0.7405548915459944,0.1456845971615751,FALSE
met_per_mg_leaf_putrescine,0.4665983533371937,0.16080487047472647,leaf,0.8644348440773273,0.5053867357777118,FALSE
met_per_mg_leaf_pseudo uridine,0.3386903260161789,0.012067954811008435,leaf,0.7843354918269406,0.19748548567024632,FALSE
"met_per_mg_leaf_propane-1,3-diol NIST",0.1937519489282136,0.7579007855553289,leaf,0.6434026983276527,0.9000220854524917,FALSE
met_per_mg_leaf_proline,0.06858263070779837,0.46884658819957004,leaf,0.4802854619903761,0.8169999952784587,FALSE
met_per_mg_leaf_phytol,0.3007853000142641,0.8671085052312868,leaf,0.7435090953712425,0.9362643982865427,FALSE
met_per_mg_leaf_phosphate,0.8555708830059781,0.7336821871300476,leaf,0.9470470151512713,0.9000220854524917,FALSE
met_per_mg_leaf_phenylpyruvate,0.7329174124328901,0.5855595993708049,leaf,0.9084046801985116,0.8733770295700142,FALSE
met_per_mg_leaf_phenylethylamine,0.01793317415724455,0.4831376902758906,leaf,0.4802854619903761,0.8330172735200195,FALSE
met_per_mg_leaf_phenylalanine,0.6866703527958165,0.02647323995369027,leaf,0.8952146821634348,0.22875438327663908,FALSE
met_per_mg_leaf_phenol,0.0969467955696784,0.4464851836614596,leaf,0.4985913597624184,0.8054252574234587,FALSE
met_per_mg_leaf_pentitol,0.03835317087509608,0.08341063492394646,leaf,0.4802854619903761,0.3414016685259204,FALSE
met_per_mg_leaf_pelargonic acid,0.18840834410144658,0.7780460449976108,leaf,0.6412644054728707,0.9000220854524917,FALSE
met_per_mg_leaf_palmitic acid,0.11040148106923053,0.8040106482498355,leaf,0.508352991369048,0.9000220854524917,FALSE
met_per_mg_leaf_oxoproline,0.18946448343516634,0.16956068596872345,leaf,0.6412644054728707,0.5145289781119884,FALSE
met_per_mg_leaf_ornithine,0.5082417644785644,0.2519719629816866,leaf,0.8684519470701683,0.6521627277173065,FALSE
met_per_mg_leaf_oleic acid,0.16638857440133245,0.22354440624228994,leaf,0.5976405937680512,0.6052894692098928,FALSE
met_per_mg_leaf_octanol NIST,0.10697458039383055,0.7560226144009556,leaf,0.508352991369048,0.9000220854524917,FALSE
met_per_mg_leaf_octadecanol,0.08334165923389213,0.9374425923309082,leaf,0.4802854619903761,0.9739796681941766,FALSE
met_per_mg_leaf_nicotinamide,0.312596273412115,0.028931782601392897,leaf,0.7435090953712425,0.22875438327663908,FALSE
met_per_mg_leaf_N-acetylornithine,0.36082971214407145,0.9244873948629505,leaf,0.8247536277578775,0.9729579074930695,FALSE
met_per_mg_leaf_N-acetylmannosamine,0.8255981712184663,0.294020178687244,leaf,0.9435407671068187,0.7151720667632413,FALSE
met_per_mg_leaf_n-acetyl-d-hexosamine,0.5932862543985472,0.0667062301488628,leaf,0.8712913912168124,0.3197559327588092,FALSE
met_per_mg_leaf_myristic acid,0.546745321578918,0.6359044793020139,leaf,0.8712913912168124,0.8953535068572355,FALSE
met_per_mg_leaf_myo-inositol,0.7843661595717961,0.6485055729387483,leaf,0.9309598010580195,0.898716384545037,FALSE
met_per_mg_leaf_mucic acid,0.2120093172182952,0.940775815869375,leaf,0.6782191344168877,0.9739796681941766,FALSE
met_per_mg_leaf_methyl O-D-galactopyranoside,0.9388761586857581,0.08908866906196787,leaf,0.9897297245607107,0.3426161930830524,FALSE
met_per_mg_leaf_methionine sulfoxide,0.31261177873563606,0.1208329878077966,leaf,0.7435090953712425,0.42644627950757674,FALSE
met_per_mg_leaf_methionine,0.844933222498491,0.04902903617256467,leaf,0.9470470151512713,0.2759366015208334,FALSE
met_per_mg_leaf_methanolphosphate,0.996927616462273,0.7836392921172453,leaf,0.996927616462273,0.9000220854524917,FALSE
met_per_mg_leaf_melibiose,0.4197273963386704,0.018252732257894696,leaf,0.8644348440773273,0.22875438327663908,FALSE
met_per_mg_leaf_melezitose,0.33083121997747866,0.9937273984246832,leaf,0.7763505962138166,0.9972051306630372,FALSE
met_per_mg_leaf_maltotriose,0.43146052854135364,0.9635969431999124,leaf,0.8644348440773273,0.9803067167814137,FALSE
met_per_mg_leaf_maltose,0.22487857238256373,0.31940102970252643,leaf,0.6783092177031591,0.7274152293943644,FALSE
met_per_mg_leaf_malonic acid,0.10782783812394624,0.5835992219631667,leaf,0.508352991369048,0.8733770295700142,FALSE
met_per_mg_leaf_malic acid,0.008265024169020781,0.55814357814801,leaf,0.4802854619903761,0.8733770295700142,FALSE
met_per_mg_leaf_maleimide,0.6091475508577007,0.19241414001852983,leaf,0.8712913912168124,0.5644148107210208,FALSE
met_per_mg_leaf_maleic acid,0.7475735700625504,0.507459864153682,leaf,0.9200905477692929,0.8425748687834721,FALSE
met_per_mg_leaf_lyxose,0.5951208104706134,0.611463427463062,leaf,0.8712913912168124,0.8948087218812877,FALSE
met_per_mg_leaf_lyxitol,0.4331302784065836,0.8079743721675778,leaf,0.8644348440773273,0.9000220854524917,FALSE
met_per_mg_leaf_lysine,0.9539489669314444,0.029894038723651695,leaf,0.9897297245607107,0.22875438327663908,FALSE
met_per_mg_leaf_linolenic acid,0.9069897729457757,0.8855695139318674,leaf,0.981953157816648,0.9503672832439554,FALSE
met_per_mg_leaf_linoleic acid,0.2935415810974472,0.7456207892020975,leaf,0.7435090953712425,0.9000220854524917,FALSE
met_per_mg_leaf_lignoceric acid,0.13658367691706244,0.7043775981927973,leaf,0.5386379588101522,0.9000220854524917,FALSE
met_per_mg_leaf_levoglucosan,0.7036032153007088,0.3353319346621605,leaf,0.9016650121715104,0.7470686139308892,FALSE
met_per_mg_leaf_leucine,0.43673743045984903,0.005794273750744465,leaf,0.8644348440773273,0.1456845971615751,FALSE
met_per_mg_leaf_lactulose,0.07928840323997925,0.41983415898832077,leaf,0.4802854619903761,0.7877377582285084,FALSE
met_per_mg_leaf_lactic acid,0.12036572809697851,0.7151862923700327,leaf,0.5231604513415528,0.9000220854524917,FALSE
met_per_mg_leaf_isothreonic acid,0.618287475048079,0.4022323085131527,leaf,0.8712913912168124,0.7779438054759877,FALSE
met_per_mg_leaf_isoribose,0.5062725724151516,0.6987443628597749,leaf,0.8684519470701683,0.9000220854524917,FALSE
met_per_mg_leaf_isoleucine,0.0782424604258574,0.003205434053646945,leaf,0.4802854619903761,0.1456845971615751,FALSE
met_per_mg_leaf_isohexonic acid,0.7762864295064416,0.38607304009923804,leaf,0.9309598010580195,0.7634702815445606,FALSE
met_per_mg_leaf_isocitric acid,0.5039814640503011,0.2971613724608471,leaf,0.8684519470701683,0.7151720667632413,FALSE
met_per_mg_leaf_inulotriose,0.45377848315867997,0.676398272297356,leaf,0.8644348440773273,0.9000220854524917,FALSE
met_per_mg_leaf_inositol-4-monophosphate,0.626039098989879,0.6305717541420253,leaf,0.8712913912168124,0.8950050703951327,FALSE
met_per_mg_leaf_hypoxanthine,0.853726991821176,0.04182396560242665,leaf,0.9470470151512713,0.25382820503541687,FALSE
met_per_mg_leaf_hydroxylamine,0.22724141530943842,0.4387302760944758,leaf,0.6783092177031591,0.804338839506539,FALSE
met_per_mg_leaf_hydroxycarbamate NIST,0.9855254629046757,0.6627766958824389,leaf,0.996927616462273,0.9000220854524917,FALSE
met_per_mg_leaf_homoserine,0.1126464014965504,0.009215726222111777,leaf,0.508352991369048,0.18021864612129698,FALSE
met_per_mg_leaf_homoglutamine,0.08469499238711024,0.3482387144418212,leaf,0.4802854619903761,0.7489722501497669,FALSE
met_per_mg_leaf_homocystine,0.2812300839981276,0.2661104547806333,leaf,0.7405548915459944,0.6787744933534993,FALSE
met_per_mg_leaf_hexose-6-phosphate,0.6336664663395,0.07982973835836829,leaf,0.8712913912168124,0.3414016685259204,FALSE
met_per_mg_leaf_heptadecanoic acid,0.39767474603147024,0.6735077762940543,leaf,0.8535457963602289,0.9000220854524917,FALSE
met_per_mg_leaf_guanosine,0.45803449383131567,0.836215373311513,leaf,0.8644348440773273,0.9141236379057534,FALSE
met_per_mg_leaf_guanine,0.5996159863898217,0.012342842854390395,leaf,0.8712913912168124,0.19748548567024632,FALSE
met_per_mg_leaf_glycyl tyrosine,0.5049211915624088,0.7347918064268117,leaf,0.8684519470701683,0.9000220854524917,FALSE
met_per_mg_leaf_glycolic acid,0.43815606206744795,0.2873814368221336,leaf,0.8644348440773273,0.7151720667632413,FALSE
met_per_mg_leaf_glycine,0.035677614517419,0.12114951122374339,leaf,0.4802854619903761,0.42644627950757674,FALSE
met_per_mg_leaf_glycerol-alpha-phosphate,0.46354166516294737,0.05386953423997348,leaf,0.8644348440773273,0.27885405959515686,FALSE
met_per_mg_leaf_glycerol-3-galactoside,0.12425215956073175,0.4202875200879419,leaf,0.5231604513415528,0.7877377582285084,FALSE
met_per_mg_leaf_glycerol,0.9425041216701179,0.31069181182541894,leaf,0.9897297245607107,0.7194968273851807,FALSE
met_per_mg_leaf_glyceric acid,0.25028358700914105,0.03291547969867136,leaf,0.7104824405420779,0.2413801844569233,FALSE
met_per_mg_leaf_glutamine,0.5972769370112889,0.4977997844071057,leaf,0.8712913912168124,0.8424304043812558,FALSE
met_per_mg_leaf_glutamic acid,0.37363649542940713,0.8019487293037031,leaf,0.8324053569060209,0.9000220854524917,FALSE
met_per_mg_leaf_glucose-6-phosphate,0.3072036835793582,0.0054606174423654265,leaf,0.7435090953712425,0.1456845971615751,FALSE
met_per_mg_leaf_glucose-1-phosphate,0.22738774911639992,0.365975076777727,leaf,0.6783092177031591,0.7489722501497669,FALSE
met_per_mg_leaf_glucose,0.929390650461017,0.3223772039361388,leaf,0.9897297245607107,0.7274152293943644,FALSE
met_per_mg_leaf_gluconic acid lactone,0.4200020961119898,0.03978235654576869,leaf,0.8644348440773273,0.25146982645672983,FALSE
met_per_mg_leaf_gluconic acid,0.9913510415123701,0.08755899799555239,leaf,0.996927616462273,0.3426161930830524,FALSE
met_per_mg_leaf_glucoheptulose,0.8196278858723125,0.5786919511793491,leaf,0.9428399210034444,0.8733770295700142,FALSE
met_per_mg_leaf_galactonic acid,0.7223566290692214,0.5167001725639193,leaf,0.9016650121715104,0.8427104298982205,FALSE
met_per_mg_leaf_galactinol,0.5636199091163403,0.45305170730069555,leaf,0.8712913912168124,0.8054252574234587,FALSE
met_per_mg_leaf_fumaric acid,0.5044819172750586,0.06678346580850188,leaf,0.8684519470701683,0.3197559327588092,FALSE
met_per_mg_leaf_fucose,0.08732462945279565,0.7697217348107014,leaf,0.4802854619903761,0.9000220854524917,FALSE
met_per_mg_leaf_fructose-6-phosphate,0.366880731995717,0.007957830781291107,leaf,0.8278334465544384,0.17507227718840435,FALSE
met_per_mg_leaf_fructose,0.8496575086675061,0.7999320226836648,leaf,0.9470470151512713,0.9000220854524917,FALSE
met_per_mg_leaf_ferulic acid,0.5011407520065418,0.014356651726961867,leaf,0.8684519470701683,0.21056422532877406,FALSE
met_per_mg_leaf_ethanolamine,0.6145579084028245,0.8950769694046701,leaf,0.8712913912168124,0.9547487673649814,FALSE
met_per_mg_leaf_erythrose,0.2861234808245887,0.5756343130312506,leaf,0.7405548915459944,0.8733770295700142,FALSE
met_per_mg_leaf_erythronic acid lactone,0.5377623003990699,0.503414364095363,leaf,0.8712913912168124,0.8425748687834721,FALSE
met_per_mg_leaf_erythronic acid,0.07135742425212632,0.12987609142383158,leaf,0.4802854619903761,0.43958061712681457,FALSE
met_per_mg_leaf_erythritol,0.391158828626366,0.21785047779724437,leaf,0.8499253560276594,0.599088813942422,FALSE
met_per_mg_leaf_epsilon-caprolactam,0.03360131352081133,0.3006973462527264,leaf,0.4802854619903761,0.7151720667632413,FALSE
met_per_mg_leaf_dihydroxyacetone,0.9496253140504892,0.10543166763098094,leaf,0.9897297245607107,0.38658278131359675,FALSE
met_per_mg_leaf_dehydroascorbic acid,0.2777400906599136,0.021579407368249245,leaf,0.7405548915459944,0.22875438327663908,FALSE
met_per_mg_leaf_dehydroabietic acid,0.06818130699165482,0.30645390853779364,leaf,0.4802854619903761,0.7191451720353558,FALSE
met_per_mg_leaf_cyano-l-alanine,0.04676886642562644,0.08954741410125233,leaf,0.4802854619903761,0.3426161930830524,FALSE
met_per_mg_leaf_cyanoalanine,0.04363156612215069,0.13751486439395433,leaf,0.4802854619903761,0.44175063277309135,FALSE
met_per_mg_leaf_coniferin NIST,0.08086666694444755,0.7597767349041585,leaf,0.4802854619903761,0.9000220854524917,FALSE
met_per_mg_leaf_citric acid,0.0915988367695103,0.10132729847231992,leaf,0.4885271294373883,0.37943839427932563,FALSE
met_per_mg_leaf_citramalic acid,0.3029974752236235,0.07945560464151814,leaf,0.7435090953712425,0.3414016685259204,FALSE
met_per_mg_leaf_cis-sinapinic acid,0.045261623270864214,0.0690382127547429,leaf,0.4802854619903761,0.3197559327588092,FALSE
met_per_mg_leaf_cis-caffeic acid,0.7929905658015951,0.7837658644845559,leaf,0.9309598010580195,0.9000220854524917,FALSE
met_per_mg_leaf_chlorogenic acid,0.4582459388801796,0.7912853074169901,leaf,0.8644348440773273,0.9000220854524917,FALSE
met_per_mg_leaf_cellobiose,0.15683572114096841,0.5704995087034584,leaf,0.5750643108502175,0.8733770295700142,FALSE
met_per_mg_leaf_capric acid,0.07912115245253706,0.42072357541749883,leaf,0.4802854619903761,0.7877377582285084,FALSE
met_per_mg_leaf_butyrolactam NIST,0.8088440943960329,0.6538899705937887,leaf,0.9365563198269855,0.8990987095664595,FALSE
met_per_mg_leaf_beta-sitosterol,0.03246484517323292,0.8462736779827443,leaf,0.4802854619903761,0.9194084402775493,FALSE
met_per_mg_leaf_beta-gentiobiose,0.6814854608320176,0.03861433968460166,leaf,0.8952146821634348,0.25146982645672983,FALSE
met_per_mg_leaf_beta-alanine,0.07219991727343085,0.8296094543226242,leaf,0.4802854619903761,0.9141236379057534,FALSE
met_per_mg_leaf_benzoic acid,0.052578869326701604,0.5829829255860426,leaf,0.4802854619903761,0.8733770295700142,FALSE
met_per_mg_leaf_aspartic acid,0.7978574019398074,0.1666715349314882,leaf,0.9309598010580195,0.5145289781119884,FALSE
met_per_mg_leaf_asparagine,0.6505752050237513,0.029741412506600864,leaf,0.8807787391090788,0.22875438327663908,FALSE
met_per_mg_leaf_aminomalonate,0.20809642442667192,0.07943670828046596,leaf,0.6782191344168877,0.3414016685259204,FALSE
met_per_mg_leaf_alpha-ketoglutarate,0.38483924051849605,0.20888641852722575,leaf,0.8466463291406914,0.5929678977547054,FALSE
met_per_mg_leaf_alpha-aminoadipic acid,0.9944259942719471,0.7364328349622348,leaf,0.996927616462273,0.9000220854524917,FALSE
met_per_mg_leaf_allantoic acid,0.03252502615108986,0.8021707134118796,leaf,0.4802854619903761,0.9000220854524917,FALSE
met_per_mg_leaf_alanine-alanine,0.7656509638135838,0.5660464447700889,leaf,0.9309598010580195,0.8733770295700142,FALSE
met_per_mg_leaf_alanine,0.05082545425592802,0.02857244794052981,leaf,0.4802854619903761,0.22875438327663908,FALSE
met_per_mg_leaf_adenosine,0.955988938496141,0.704082027614946,leaf,0.9897297245607107,0.9000220854524917,FALSE
met_per_mg_leaf_adenine,0.7987211929531872,0.003587453874433829,leaf,0.9309598010580195,0.1456845971615751,FALSE
met_per_mg_leaf_aconitic acid,0.21579699731446428,0.4600789877460322,leaf,0.6782191344168877,0.8097390184330167,FALSE
met_per_mg_leaf_6-deoxyglucose,0.08195720206038924,0.43215835551484905,leaf,0.4802854619903761,0.800630216532773,FALSE
met_per_mg_leaf_5'-deoxy-5'-methylthioadenosine,0.02650828436770192,0.7429101573609698,leaf,0.4802854619903761,0.9000220854524917,FALSE
met_per_mg_leaf_5-aminovaleric acid,0.5247896445111766,0.917392763517822,leaf,0.8712913912168124,0.9726573878261245,FALSE
met_per_mg_leaf_4-hydroxybutyric acid,0.9813729786478435,0.7002969441923368,leaf,0.996927616462273,0.9000220854524917,FALSE
met_per_mg_leaf_4-hydroxybenzoate,0.49808725417984934,0.5998156456532412,leaf,0.8684519470701683,0.8871222994535333,FALSE
met_per_mg_leaf_4-aminobutyric acid,0.9505049037224156,0.6253492772238545,leaf,0.9897297245607107,0.8948087218812877,FALSE
met_per_mg_leaf_3-hydroxypropionic acid,0.6082258209537743,0.3539156792851881,leaf,0.8712913912168124,0.7489722501497669,FALSE
met_per_mg_leaf_3-hydroxy-3-methylglutaric acid,0.14451479014857624,0.34236928473369876,leaf,0.5411617673648812,0.7489722501497669,FALSE
met_per_mg_leaf_3-aminoisobutyric acid,0.09915169086184457,0.6413462248713975,leaf,0.4985913597624184,0.8958486950584599,FALSE
"met_per_mg_leaf_3,4-dihydroxycinnamic acid",0.5155118934350053,0.02083383670144873,leaf,0.8712913912168124,0.22875438327663908,FALSE
met_per_mg_leaf_2-ketoisocaproic acid,0.721987951659661,0.05170533433976192,leaf,0.9016650121715104,0.2759366015208334,FALSE
met_per_mg_leaf_2-ketoglucose dimethylacetal NIST,0.0343808025090455,0.08326006687061978,leaf,0.4802854619903761,0.3414016685259204,FALSE
met_per_mg_leaf_2-hydroxyglutaric acid,0.24648734588669707,0.25075689815100494,leaf,0.7104824405420779,0.6521627277173065,FALSE
met_per_mg_leaf_2'-deoxyguanosine,0.07572110846847906,0.8323013029729425,leaf,0.4802854619903761,0.9141236379057534,FALSE
met_per_mg_leaf_2-aminobutyric acid,0.5758461742073243,0.6242478048898461,leaf,0.8712913912168124,0.8948087218812877,FALSE
"met_per_mg_leaf_2,5-dihydroxypyrazine NIST",0.5821923108092479,0.05173811278515626,leaf,0.8712913912168124,0.2759366015208334,FALSE
"met_per_mg_leaf_2,3-dihydroxybutanoic acid NIST",0.1248451077065069,0.3759835073223703,leaf,0.5231604513415528,0.7583232307953427,FALSE
met_per_mg_leaf_1-monostearin,0.0822414687285569,0.9810176532950471,leaf,0.4802854619903761,0.99229371827545,FALSE
met_per_mg_leaf_1-monopalmitin,0.6255177845528952,0.5171177638011808,leaf,0.8712913912168124,0.8427104298982205,FALSE
met_per_mg_leaf_1-methylgalactose NIST,0.9626635310781197,0.9287325480615664,leaf,0.9908115875423922,0.9729579074930695,FALSE
met_per_mg_leaf_1-kestose,0.28577658680266294,0.7270153320854467,leaf,0.7405548915459944,0.9000220854524917,FALSE
met_per_mg_root_xylulose NIST,0.4551044154586288,0.03703620920709146,root,0.7536083437475533,0.18721080696184572,FALSE
met_per_mg_root_xylose,0.35257481964013226,0.8496018245864656,root,0.6894796472962587,0.8847924327054316,FALSE
met_per_mg_root_xylonic acid isomer,0.03358553923816405,0.5512100272210747,root,0.3111081529429933,0.6979349984957492,FALSE
met_per_mg_root_xylonic acid,0.004946237577676466,0.1094596433134583,root,0.10881722670888225,0.3186823925271069,FALSE
met_per_mg_root_xanthine,0.6405689683592024,0.01147054100545544,root,0.828971606111909,0.1621992402888986,FALSE
met_per_mg_root_vanillic acid,0.5299949855177563,0.5868698968610839,root,0.7784353796978998,0.7228031529345573,FALSE
met_per_mg_root_valine,0.38081096836975603,0.01818432355706903,root,0.6984258662723081,0.1621992402888986,FALSE
met_per_mg_root_uridine,0.6215161016499734,0.15091522058495374,root,0.8224573976721452,0.3433743075237638,FALSE
met_per_mg_root_urea,0.9480006664665892,0.06152271655503248,root,0.9671091900733991,0.24295557643437954,FALSE
met_per_mg_root_uracil,0.8245266715001087,0.023039664813764005,root,0.9276727500582939,0.1621992402888986,FALSE
met_per_mg_root_UDP-N-acetylglucosamine,0.08573439289241963,0.6304887835811808,root,0.457250095426238,0.7458090349741248,FALSE
met_per_mg_root_tyrosine,0.313750034776514,0.03030966394024779,root,0.6496471308313702,0.180351413479071,FALSE
met_per_mg_root_tryptophan,0.30388677726349367,0.11089206882360841,root,0.6443864192575288,0.3186823925271069,FALSE
met_per_mg_root_tocopherol alpha-,0.7007606470602954,0.07196529208165926,root,0.8567385099900614,0.25598380385471114,FALSE
met_per_mg_root_thymine,0.9190957171506677,0.008252496210911734,root,0.9671091900733991,0.1621992402888986,FALSE
met_per_mg_root_threonine,0.24505834675627516,0.04941233191916913,root,0.6373374979576193,0.20706120042318493,FALSE
met_per_mg_root_threonic acid,0.031069911605839676,0.2531254796105371,root,0.30379469125709907,0.4592792207366446,FALSE
met_per_mg_root_tagatose,0.49621895267856475,0.031964492730033836,root,0.7728719970922778,0.18147582969309534,FALSE
met_per_mg_root_sucrose,0.04579255077046268,0.6356327002620381,root,0.383785187409592,0.7458090349741248,FALSE
met_per_mg_root_succinic acid,0.24965019433321897,0.5495718155463356,root,0.6373374979576193,0.6979349984957492,FALSE
met_per_mg_root_stigmasterol,0.8486097315874165,0.45460507157643004,root,0.9276727500582939,0.625949239643108,FALSE
met_per_mg_root_stearic acid,0.9144343022260704,0.15127935681548746,root,0.9671091900733991,0.3433743075237638,FALSE
met_per_mg_root_spermidine,0.5867588429572055,0.022692262021413938,root,0.7943812027728321,0.1621992402888986,FALSE
met_per_mg_root_sinapinic acid,0.06660056578893356,0.6621568277109182,root,0.42346639967717514,0.7616967429877228,FALSE
met_per_mg_root_shikimic acid,0.0029643704009006218,0.761028148778058,root,0.08165946350704818,0.8371309636558639,FALSE
met_per_mg_root_serine,0.1633250709941399,0.10180668478566962,root,0.6113122786197225,0.3143504653031202,FALSE
met_per_mg_root_saccharic acid,0.19881603829232097,0.1992059349115771,root,0.6138881182359384,0.3984118698231542,FALSE
met_per_mg_root_ribose,0.4769410202711729,0.017995525106877137,root,0.7562308069164544,0.1621992402888986,FALSE
met_per_mg_root_ribonic acid,0.2437945504795914,0.2069804298065865,root,0.6373374979576193,0.4002660363497991,FALSE
met_per_mg_root_ribitol,0.3719226424992539,0.29424135409175045,root,0.6984258662723081,0.48855168226554796,FALSE
met_per_mg_root_raffinose,0.6656552899089196,0.9858463539277853,root,0.8368237930283561,0.989810962962391,FALSE
met_per_mg_root_quinic acid,0.6345261061619263,0.05684581989881722,root,0.8272340346999929,0.2326712628416705,FALSE
met_per_mg_root_pyruvic acid,0.34311876839466326,0.5872775617593278,root,0.6803219547775465,0.7228031529345573,FALSE
met_per_mg_root_pyrrole-2-carboxylic acid,0.17366826097151206,0.21134551511818195,root,0.6113122786197225,0.4002660363497991,FALSE
met_per_mg_root_putrescine,0.5406673984356205,0.020578532251624444,root,0.7784353796978998,0.1621992402888986,FALSE
met_per_mg_root_pseudo uridine,0.46514630634773735,0.0025980239537275918,root,0.7536083437475533,0.1621992402888986,FALSE
"met_per_mg_root_propane-1,3-diol NIST",0.8686261385121319,0.24687110336271606,root,0.9379030698045104,0.4525970228316461,FALSE
met_per_mg_root_proline,0.27047734749477037,0.01305343333769539,root,0.6373374979576193,0.1621992402888986,FALSE
met_per_mg_root_phytol,0.7531172895247791,0.22741379871414255,root,0.8852363340343273,0.4257960486562669,FALSE
met_per_mg_root_phosphate,0.0015957118732811055,0.7115105109087683,root,0.07021132242436864,0.8027298071791231,FALSE
met_per_mg_root_phenylpyruvate,0.6292487228642196,0.330419499357524,root,0.8264759345082288,0.5151175686507241,FALSE
met_per_mg_root_phenylethylamine,0.16976472969811351,0.00939868828372952,root,0.6113122786197225,0.1621992402888986,FALSE
met_per_mg_root_phenylalanine,0.16976770825723803,0.037099173354637964,root,0.6113122786197225,0.18721080696184572,FALSE
met_per_mg_root_phenol,0.29063896817011303,0.6253873557153364,root,0.6373374979576193,0.7458090349741248,FALSE
met_per_mg_root_pentitol,0.27273644292285193,0.20632191524390336,root,0.6373374979576193,0.4002660363497991,FALSE
met_per_mg_root_pelargonic acid,0.6865685927646259,0.9187348388133001,root,0.8567385099900614,0.9401007652973303,FALSE
met_per_mg_root_palmitic acid,0.9035748206650689,0.12878332057607295,root,0.9638131420427402,0.3186823925271069,FALSE
met_per_mg_root_oxoproline,0.5388060029940409,0.13037006967018008,root,0.7784353796978998,0.3186823925271069,FALSE
met_per_mg_root_ornithine,0.010023470578085607,0.33899858995006493,root,0.1603755292493697,0.5151175686507241,FALSE
met_per_mg_root_oleic acid,0.20848231728580965,0.1257411230075384,root,0.6219133532593644,0.3186823925271069,FALSE
met_per_mg_root_octanol NIST,0.8376371868554933,0.45841782025018674,root,0.9276727500582939,0.625949239643108,FALSE
met_per_mg_root_octadecanol,0.9343913833819879,0.44236344851584464,root,0.9671091900733991,0.6228477355103093,FALSE
met_per_mg_root_nicotinamide,0.1245343397743645,0.0774031339691206,root,0.5767906263233724,0.25703682223707974,FALSE
met_per_mg_root_N-acetylornithine,0.45365895341027673,0.07417712498062652,root,0.7536083437475533,0.25598380385471114,FALSE
met_per_mg_root_N-acetylmannosamine,0.15030862865991856,0.204204903705131,root,0.6113122786197225,0.4002660363497991,FALSE
met_per_mg_root_n-acetyl-d-hexosamine,0.06958587596277367,0.989810962962391,root,0.42346639967717514,0.989810962962391,FALSE
met_per_mg_root_myristic acid,0.46672334925274606,0.2843905131021227,root,0.7536083437475533,0.4859488379220737,FALSE
met_per_mg_root_myo-inositol,0.07432544136964357,0.18892374478701368,root,0.4355780120955627,0.3903331149363964,FALSE
met_per_mg_root_mucic acid,0.2558143445496324,0.33579091849809317,root,0.6373374979576193,0.5151175686507241,FALSE
met_per_mg_root_methyl O-D-galactopyranoside,0.38191210430378153,0.3595926348999714,root,0.6984258662723081,0.5409256730119227,FALSE
met_per_mg_root_methionine sulfoxide,0.17017852531967237,0.14993987676513257,root,0.6113122786197225,0.3433743075237638,FALSE
met_per_mg_root_methionine,0.22898900945185244,0.01582650017977338,root,0.6373374979576193,0.1621992402888986,FALSE
met_per_mg_root_methanolphosphate,0.02475698124311146,0.23578938497214474,root,0.25630757051691866,0.4368308605799734,FALSE
met_per_mg_root_melibiose,0.21612104487266,0.030741718206659833,root,0.6339550649598027,0.180351413479071,FALSE
met_per_mg_root_melezitose,0.09566571116686638,0.005673078966033588,root,0.4810618618676709,0.1621992402888986,FALSE
met_per_mg_root_maltotriose,0.38492789220689705,0.5167404586021445,root,0.6984258662723081,0.6754082650943383,FALSE
met_per_mg_root_maltose,0.7594925365862695,0.12397253127478076,root,0.8852363340343273,0.3186823925271069,FALSE
met_per_mg_root_malonic acid,0.5542606962606604,0.022238918171716898,root,0.782246430535034,0.1621992402888986,FALSE
met_per_mg_root_malic acid,0.06349597939436785,0.682623851152197,root,0.42346639967717514,0.7751083729212044,FALSE
met_per_mg_root_maleimide,0.1668396613444939,0.33398504838855403,root,0.6113122786197225,0.5151175686507241,FALSE
met_per_mg_root_maleic acid,0.7133904661694797,0.4293335419187707,root,0.8567385099900614,0.6093766401427714,FALSE
met_per_mg_root_lyxose,0.5322624485908236,0.781627313738374,root,0.7784353796978998,0.8439656884537045,FALSE
met_per_mg_root_lyxitol,0.8383042535227156,0.09800046272105861,root,0.9276727500582939,0.3080014542661842,FALSE
met_per_mg_root_lysine,0.2807439881565826,0.04643311076509,root,0.6373374979576193,0.204305687366396,FALSE
met_per_mg_root_linolenic acid,0.5600173309512175,0.1660554097155766,root,0.782246430535034,0.3564116110968474,FALSE
met_per_mg_root_linoleic acid,0.9244497137301795,0.3028785348179361,root,0.9671091900733991,0.49819273016782006,FALSE
met_per_mg_root_lignoceric acid,0.7155713691394263,0.25806978694235555,root,0.8567385099900614,0.4634722704270875,FALSE
met_per_mg_root_levoglucosan,0.7045248970184279,0.7795497165903341,root,0.8567385099900614,0.8439656884537045,FALSE
met_per_mg_root_leucine,0.23739870269771818,0.009904203508402501,root,0.6373374979576193,0.1621992402888986,FALSE
met_per_mg_root_lactulose,0.3375182240457244,0.7466061347298166,root,0.6803219547775465,0.8264319478770297,FALSE
met_per_mg_root_lactic acid,0.8383698082615683,0.33917003625365727,root,0.9276727500582939,0.5151175686507241,FALSE
met_per_mg_root_isothreonic acid,0.07672112713046843,0.07712759661371216,root,0.4355780120955627,0.25703682223707974,FALSE
met_per_mg_root_isoribose,0.26589430230754674,0.1189338753940895,root,0.6373374979576193,0.3186823925271069,FALSE
met_per_mg_root_isoleucine,0.4199080784944287,0.01689501789743401,root,0.7421445859246617,0.1621992402888986,FALSE
met_per_mg_root_isohexonic acid,0.31206790169540455,0.2921153622144723,root,0.6496471308313702,0.48855168226554796,FALSE
met_per_mg_root_isocitric acid,0.04186863682765951,0.11588487990779807,root,0.3684440040834037,0.3186823925271069,FALSE
met_per_mg_root_inulotriose,0.6111044099474272,0.6731232656234921,root,0.8148058799299029,0.7692837321411338,FALSE
met_per_mg_root_inositol-4-monophosphate,0.003247819571303053,0.9375256574292496,root,0.08165946350704818,0.9537833277892944,FALSE
met_per_mg_root_hypoxanthine,0.843745733896013,0.07285106920235107,root,0.9276727500582939,0.25598380385471114,FALSE
met_per_mg_root_hydroxylamine,0.1358393769896027,0.49962776198450587,root,0.5913188322385553,0.6661703493126745,FALSE
met_per_mg_root_hydroxycarbamate NIST,0.7072539816788954,0.2654804934855126,root,0.8567385099900614,0.47147938402131145,FALSE
met_per_mg_root_homoserine,0.5830483852246713,0.115713838036588,root,0.7943812027728321,0.3186823925271069,FALSE
met_per_mg_root_homoglutamine,0.26470523905830795,0.7331500449217421,root,0.6373374979576193,0.8166734677609279,FALSE
met_per_mg_root_homocystine,0.09266391819930409,0.11671414249818406,root,0.4796720471493388,0.3186823925271069,FALSE
met_per_mg_root_hexose-6-phosphate,0.001078837871224705,0.14071587195915156,root,0.06509161016340108,0.33926018444946127,FALSE
met_per_mg_root_heptadecanoic acid,0.5135567037798188,0.11560637468047395,root,0.7784353796978998,0.3186823925271069,FALSE
met_per_mg_root_guanosine,0.38902580770375306,0.01813461158012894,root,0.6986585934271483,0.1621992402888986,FALSE
met_per_mg_root_guanine,0.26012148334512325,0.0028665470069119824,root,0.6373374979576193,0.1621992402888986,FALSE
met_per_mg_root_glycyl tyrosine,0.4272022148723681,0.45879234042023254,root,0.7421445859246617,0.625949239643108,FALSE
met_per_mg_root_glycolic acid,0.3774188087426662,0.65777146305229,root,0.6984258662723081,0.7616301151131779,FALSE
met_per_mg_root_glycine,0.9878851405116524,0.0816339642877568,root,0.9878851405116524,0.266066253974911,FALSE
met_per_mg_root_glycerol-alpha-phosphate,3.238790709700194e-4,0.3251209364938723,root,0.057002716490723415,0.5151175686507241,FALSE
met_per_mg_root_glycerol-3-galactoside,0.9431929439904014,0.6299580941757534,root,0.9671091900733991,0.7458090349741248,FALSE
met_per_mg_root_glycerol,0.10039596065606672,0.037956293766821976,root,0.49082469654077066,0.18721080696184572,FALSE
met_per_mg_root_glyceric acid,0.4301065213881562,0.5422252951514195,root,0.7421445859246617,0.6965814010704368,FALSE
met_per_mg_root_glutamine,0.34402644304091845,0.33950930661070455,root,0.6803219547775465,0.5151175686507241,FALSE
met_per_mg_root_glutamic acid,0.05346649579786287,0.1521772499253044,root,0.4038133385903766,0.3433743075237638,FALSE
met_per_mg_root_glucose-6-phosphate,0.0011095160823307003,0.022100912534115724,root,0.06509161016340108,0.1621992402888986,FALSE
met_per_mg_root_glucose-1-phosphate,0.18841041576166795,0.6237758456090631,root,0.6138881182359384,0.7458090349741248,FALSE
met_per_mg_root_glucose,0.0697757135831709,0.008765417031993602,root,0.42346639967717514,0.1621992402888986,FALSE
met_per_mg_root_gluconic acid lactone,0.29774630754296094,0.011688665763954682,root,0.6390652454580625,0.1621992402888986,FALSE
met_per_mg_root_gluconic acid,0.7796354425993667,0.005203970772630921,root,0.8968355418136504,0.1621992402888986,FALSE
met_per_mg_root_glucoheptulose,0.2933200984918589,0.4479219136284366,root,0.6373374979576193,0.625668704750832,FALSE
met_per_mg_root_galactonic acid,0.5599504434288691,0.062148149597362506,root,0.782246430535034,0.24295557643437954,FALSE
met_per_mg_root_galactinol,0.17002805378799735,0.5800856343640308,root,0.6113122786197225,0.7228031529345573,FALSE
met_per_mg_root_fumaric acid,0.18008432268631394,0.5671722635113978,root,0.6138881182359384,0.7130165598429001,FALSE
met_per_mg_root_fucose,0.5051117469665272,0.039356817372660745,root,0.7784353796978998,0.18721080696184572,FALSE
met_per_mg_root_fructose-6-phosphate,0.001995539365509178,0.013026615133975449,root,0.07024298566592307,0.1621992402888986,FALSE
met_per_mg_root_fructose,0.1708686445043619,0.16465895662946,root,0.6113122786197225,0.3564116110968474,FALSE
met_per_mg_root_ferulic acid,0.055065455262324085,0.5936451933896945,root,0.4038133385903766,0.7255663474762933,FALSE
met_per_mg_root_ethanolamine,0.0675199148670684,0.1262008504179529,root,0.42346639967717514,0.3186823925271069,FALSE
met_per_mg_root_erythrose,0.9666981896520602,0.18674046400908773,root,0.9778096630963369,0.3903331149363964,FALSE
met_per_mg_root_erythronic acid lactone,0.9506243743335117,0.5107297607393673,root,0.9671091900733991,0.6754082650943383,FALSE
met_per_mg_root_erythronic acid,0.6550474128108035,0.7788805628409755,root,0.8368237930283561,0.8439656884537045,FALSE
met_per_mg_root_erythritol,0.13775040978284525,0.38699657340596627,root,0.5913188322385553,0.5772152281309327,FALSE
met_per_mg_root_epsilon-caprolactam,0.8781902749215162,0.06488018234327181,root,0.9424480999157736,0.24295557643437954,FALSE
met_per_mg_root_dihydroxyacetone,0.8642111221154253,0.18134251637481263,root,0.9379030698045104,0.3845335286983979,FALSE
met_per_mg_root_dehydroascorbic acid,0.012297748906621978,0.8066301802438012,root,0.180366983963789,0.8519003228122229,FALSE
met_per_mg_root_dehydroabietic acid,0.9379524144927598,0.1972129633814855,root,0.9671091900733991,0.3984118698231542,FALSE
met_per_mg_root_cyano-l-alanine,0.01969170901077273,0.013548910784193359,root,0.23104938572640005,0.1621992402888986,FALSE
met_per_mg_root_cyanoalanine,0.00965846465696866,0.021514376321700335,root,0.1603755292493697,0.1621992402888986,FALSE
met_per_mg_root_coniferin NIST,0.22212675602922663,0.6322138736846181,root,0.6373374979576193,0.7458090349741248,FALSE
met_per_mg_root_citric acid,0.024121714395217222,0.15190629702025069,root,0.25630757051691866,0.3433743075237638,FALSE
met_per_mg_root_citramalic acid,0.11782906446884077,0.650746045770395,root,0.5604841985544858,0.7584854573217849,FALSE
met_per_mg_root_cis-sinapinic acid,0.6631592401478807,0.8189665031603368,root,0.8368237930283561,0.8579649080727338,FALSE
met_per_mg_root_cis-caffeic acid,0.2867031266932887,0.48100939395229836,root,0.6373374979576193,0.6512127179661886,FALSE
met_per_mg_root_chlorogenic acid,0.5377034328454223,0.26826776579105144,root,0.7784353796978998,0.47147938402131145,FALSE
met_per_mg_root_cellobiose,0.19552931211834537,0.7967258644229827,root,0.6138881182359384,0.8498409220511814,FALSE
met_per_mg_root_capric acid,0.8260092574890597,0.5180688397030435,root,0.9276727500582939,0.6754082650943383,FALSE
met_per_mg_root_butyrolactam NIST,0.43010116913859553,0.2940893814127281,root,0.7421445859246617,0.48855168226554796,FALSE
met_per_mg_root_beta-sitosterol,0.5440201801297823,0.16414606141705218,root,0.7784353796978998,0.3564116110968474,FALSE
met_per_mg_root_beta-gentiobiose,0.6004172343215688,0.029537077129117413,root,0.8066674293175276,0.180351413479071,FALSE
met_per_mg_root_beta-alanine,0.1962351190208266,0.09799647006794525,root,0.6138881182359384,0.3080014542661842,FALSE
met_per_mg_root_benzoic acid,0.7570822749283082,0.12696184906188535,root,0.8852363340343273,0.3186823925271069,FALSE
met_per_mg_root_aspartic acid,0.20709026903510735,0.12408478824939168,root,0.6219133532593644,0.3186823925271069,FALSE
met_per_mg_root_asparagine,0.3628920551534496,0.039158892791525554,root,0.6984258662723081,0.18721080696184572,FALSE
met_per_mg_root_aminomalonate,0.18849709165586906,0.8904113530335005,root,0.6138881182359384,0.9218376360817417,FALSE
met_per_mg_root_alpha-ketoglutarate,0.2628668411481318,0.4171888773077649,root,0.6373374979576193,0.6020617419903813,FALSE
met_per_mg_root_alpha-aminoadipic acid,0.5716499414902358,0.9798774855909413,root,0.7860186695490743,0.989810962962391,FALSE
met_per_mg_root_allantoic acid,0.9858821782473209,0.4271783843191016,root,0.9878851405116524,0.6093766401427714,FALSE
met_per_mg_root_alanine-alanine,0.3828887995703173,0.04468692056134779,root,0.6984258662723081,0.20166405176403107,FALSE
met_per_mg_root_alanine,0.3281068701719022,0.025021779410418322,root,0.6714745250029627,0.1631049324530972,FALSE
met_per_mg_root_adenosine,0.7397610982904782,0.32580171058888296,root,0.8797159006697579,0.5151175686507241,FALSE
met_per_mg_root_adenine,0.13582533229618057,0.02486078830034365,root,0.5913188322385553,0.1631049324530972,FALSE
met_per_mg_root_aconitic acid,0.017663484539290956,0.21150421238938247,root,0.22205523420822915,0.4002660363497991,FALSE
met_per_mg_root_6-deoxyglucose,0.46456081072429967,0.04782874566937893,root,0.7536083437475533,0.20531363994660226,FALSE
met_per_mg_root_5'-deoxy-5'-methylthioadenosine,0.08467452944847118,0.3965209430063439,root,0.457250095426238,0.5864511425976179,FALSE
met_per_mg_root_5-aminovaleric acid,0.4470718796345464,0.06409597303987005,root,0.7536083437475533,0.24295557643437954,FALSE
met_per_mg_root_4-hydroxybutyric acid,0.6590963435406745,0.5363804567598442,root,0.8368237930283561,0.6941394146303868,FALSE
met_per_mg_root_4-hydroxybenzoate,0.47670257378903225,0.4083881925269188,root,0.7562308069164544,0.5989693490394808,FALSE
met_per_mg_root_4-aminobutyric acid,0.016608074613523895,0.036192600780327655,root,0.22205523420822915,0.18721080696184572,FALSE
met_per_mg_root_3-hydroxypropionic acid,0.7080577556134474,0.16185718721546496,root,0.8567385099900614,0.3564116110968474,FALSE
met_per_mg_root_3-hydroxy-3-methylglutaric acid,0.2513619536364753,0.1907309538893755,root,0.6373374979576193,0.3903331149363964,FALSE
met_per_mg_root_3-aminoisobutyric acid,0.2806579209260273,0.10935996955815996,root,0.6373374979576193,0.3186823925271069,FALSE
"met_per_mg_root_3,4-dihydroxycinnamic acid",0.005775453681739207,0.4989447093876074,root,0.11294220533178893,0.6661703493126745,FALSE
met_per_mg_root_2-ketoisocaproic acid,0.7749154144326627,0.41733825297060523,root,0.8968355418136504,0.6020617419903813,FALSE
met_per_mg_root_2-ketoglucose dimethylacetal NIST,0.04879071073579265,0.7191335823543495,root,0.3903256858863412,0.8061624872252581,FALSE
met_per_mg_root_2-hydroxyglutaric acid,0.5327091809914641,0.9070994553074396,root,0.7784353796978998,0.933622831193622,FALSE
met_per_mg_root_2'-deoxyguanosine,0.48941621373959243,0.04199114026682435,root,0.7690826215907881,0.19448528123581804,FALSE
met_per_mg_root_2-aminobutyric acid,0.29103847299686614,0.27056487378495714,root,0.6373374979576193,0.47147938402131145,FALSE
"met_per_mg_root_2,5-dihydroxypyrazine NIST",0.22695864665094245,0.28196513208503876,root,0.6373374979576193,0.4859488379220737,FALSE
"met_per_mg_root_2,3-dihydroxybutanoic acid NIST",0.443215460531484,0.06818742357625174,root,0.7536083437475533,0.25002055311292304,FALSE
met_per_mg_root_1-monostearin,0.8445638759459482,0.31240412740619206,root,0.9276727500582939,0.5091030224397204,FALSE
met_per_mg_root_1-monopalmitin,0.19044721238048384,0.7940521965155025,root,0.6138881182359384,0.8498409220511814,FALSE
met_per_mg_root_1-methylgalactose NIST,0.5346336221460297,0.011704337474209096,root,0.7784353796978998,0.1621992402888986,FALSE
met_per_mg_root_1-kestose,0.5705717931013281,0.8083372381229614,root,0.7860186695490743,0.8519003228122229,FALSE
